Study_Hours,Attendance_%,Sleep_Hours,Parental_Education,Internet_Access,Extra_Tuition,Previous_Score,Final_Score
2.886305532402558,77.16942076057687,5.095344045509289,High,Yes,Yes,35.58375657212686,78.86369481369758
1.606813732595557,64.41447764337224,7.513168865427581,Low,Yes,Yes,76.75685676851963,91.71979323439005
3.567533266935893,66.44576481629369,6.484817414529151,Low,Yes,No,36.72965461570676,90.37593167808994
5.554317056026274,99.78003496340452,6.636998110613382,High,Yes,No,49.77109797007196,100.0
1.409242249747626,49.31441475584275,5.042552571786679,Medium,No,No,76.11206197907642,80.02316080473494
2.093493233367103,70.43408852130355,6.703492383224551,Medium,Yes,Yes,32.34713211940016,71.05275728370876
6.350936508676438,87.8455612964157,6.200994989777453,Medium,Yes,Yes,54.80500170533785,100.0
4.55656752785713,63.81539657209576,7.878059254626637,Low,Yes,Yes,60.85791702370916,100.0
1.516748797327512,61.20528275816309,4.058533053654521,High,No,No,34.68167048042184,58.59660679479946
0.1135364476741907,52.0314836020202,6.311477805003036,Low,Yes,Yes,39.25576222323186,50.61136145675376
5.426960831582485,73.57841987849307,8.257124788725479,Low,No,Yes,79.21192238180393,100.0
4.655980181324601,76.80468335264246,4.046658099135467,Medium,Yes,No,28.33528604990093,78.23944810188009
4.474123668234546,41.79841539236067,6.966107850536922,High,Yes,Yes,30.72206582005641,88.1771937449585
8.021969807540398,50.91568782971627,8.65297607321958,Low,Yes,Yes,62.09417585561931,100.0
6.117207462343522,64.50719278424192,6.404864449430619,Low,Yes,Yes,68.9069796411238,100.0
9.307573256035647,92.29220836914257,7.284775781335698,Medium,Yes,No,39.02266666355287,100.0
0.1545661652886743,93.15866489417124,8.715379188723539,Medium,No,No,34.58357333237664,79.26598186120768
0.2327193573582587,46.4188383296175,6.148284063694676,High,No,No,21.85131179184384,38.30483462812861
0.3931213984109894,52.3504726022061,7.769809517983919,High,Yes,No,34.95586983189013,53.42765177131388
4.148195023376652,50.92707494132195,7.173356366269707,Low,No,No,85.44913041320416,100.0
6.459172413316012,52.94050914386303,5.584732938955597,Low,Yes,No,59.36749900443787,100.0
8.647223762550531,69.89174298718834,6.137448439603076,Medium,Yes,Yes,20.01398961279973,100.0
3.70472102791382,42.49437154302353,4.482672350977204,Medium,No,Yes,51.13437046510408,80.27762279908947
1.812330661656602,96.06616160833086,7.570163222334282,Medium,No,Yes,33.59191707872822,81.57417165116073
3.881699262065219,89.54900503388576,4.591680954616937,Low,Yes,Yes,50.8530928559442,97.46131157197404
6.075448519014383,53.47628937639892,7.78081664447623,High,Yes,Yes,71.16148711712262,100.0
6.150072266991698,92.42062685118032,7.882237232498623,High,Yes,Yes,85.2975411112618,100.0
2.424705036347297,82.2808457641988,4.926650897643572,Medium,Yes,No,38.31212065371147,77.51176146878979
3.838912213732114,88.35955298650948,7.393349783362824,Low,No,No,38.28514532826347,87.809320508051
5.139894891598108,98.28370564249838,7.431635983430487,Low,Yes,Yes,57.6868157620199,100.0
2.372490874968001,95.51489904493995,8.839300174225151,Low,No,Yes,25.76055808019609,75.25778453858749
3.584657285442726,41.62575955020901,4.867622574932543,Low,No,No,36.36949045202971,68.71340035644256
4.921162930795382,61.55400216398594,7.470752867549155,High,No,Yes,70.8868376487936,100.0
8.77472013527053,95.92168633060105,6.414844360426776,High,No,Yes,84.72567845504202,100.0
4.401524937396013,77.93585727517183,8.635004839621477,Low,Yes,No,36.34315311890101,93.97027414479042
3.663618432936917,63.8901216154566,8.7881264225269,Medium,No,Yes,90.51656041784638,100.0
5.07610378684455,53.63617763578909,5.034962892192134,Low,Yes,Yes,56.78063893891349,100.0
7.508710677914974,84.97910990457548,4.285273605756272,Medium,Yes,No,89.3215303095996,100.0
9.321182824836123,56.44963999358835,4.772298736116619,Low,Yes,Yes,32.34653849273786,100.0
3.013778741641421,46.41261538568463,4.355038322666277,Low,Yes,Yes,74.81597174916558,89.19591483344627
9.717820827209607,74.59098853085521,6.070648762644636,Low,No,Yes,22.18663895165668,100.0
2.944488920695857,92.48210036105196,5.4295339461958,Low,Yes,Yes,39.45413005573972,81.91294675009863
6.451727904094499,41.87098810367708,7.934516931276475,Low,No,No,87.61872539653007,100.0
2.799338969459428,88.57096448349269,5.777465052206787,Low,No,Yes,39.01880877472769,75.18227372585508
4.739616402628723,89.73300195295657,6.235277719032127,Medium,No,No,20.9680420985744,91.98897897405708
4.686931597949703,60.21374750626642,7.339599994018135,High,Yes,No,90.57861950287828,100.0
4.944203047025814,96.61695521005593,4.261289396430119,Low,No,Yes,81.145724831792,100.0
6.675577385210271,65.85325141970836,6.301791356009631,Medium,Yes,No,37.00179890561927,100.0
1.206358711006008,79.8282716573083,7.699520603834651,Low,No,No,54.44985806004071,90.81810557770532
7.689874151805105,98.487589728807,7.596768111845793,Low,Yes,Yes,54.15373516104557,100.0
7.407686177542044,84.25493809533349,8.686940332485594,High,No,No,61.45717760251873,100.0
0.7697990982879299,62.78154449003601,7.251005461990767,High,Yes,No,43.38516027168265,63.40708594226541
2.459577283845081,98.63045105327905,6.958485811531627,Medium,Yes,Yes,79.73632919971855,100.0
1.270605126518848,53.84018870306552,6.775424746511431,Medium,Yes,No,69.22893945385755,77.51041258432662
8.554605840110073,91.07241484292612,5.349103600641071,Medium,Yes,Yes,30.13101096693205,100.0
1.957911347892964,40.38315230301001,5.672556443709661,Low,No,No,70.46353501164086,80.1440240809931
9.860010638228708,47.87469266094325,4.338341809500008,Medium,Yes,No,43.87280710192605,100.0
1.160726405069162,53.21099211698868,7.017438332982274,Low,Yes,No,41.58734741387044,72.34935150110127
8.870864242651173,97.01424122924814,4.356283638826293,High,Yes,Yes,24.92690873672444,100.0
0.4077514155476392,73.98427841781384,5.879441425728847,High,Yes,Yes,77.60961337856617,80.26448132005672
6.957486889846171,82.14789823264624,4.32602295630246,High,Yes,Yes,42.17487794537143,100.0
7.411206492900591,46.08524970695299,5.546863589313911,Low,No,Yes,86.76035400851855,100.0
1.275803027955638,95.85692173041866,6.858861760241611,High,Yes,Yes,78.33584333438381,96.72766439624867
5.163003483011953,63.77452113415953,8.790367400596901,High,Yes,Yes,58.03118180452,100.0
5.026370931051921,75.77619270892319,7.009407948181611,High,Yes,Yes,78.62116093972993,100.0
0.9120610304869037,65.94008806255611,8.68411231016546,Medium,No,No,26.90740656496924,57.14824309879138
1.84854455525527,75.72310103920262,7.543723488714882,Low,Yes,No,26.20505297177531,75.23738760506915
4.008514167636399,64.25912608625752,7.005370834001164,Medium,No,Yes,29.12714800450042,75.34381435496887
5.857755812734633,92.85224555193571,6.10624026647036,Low,No,Yes,94.76819139420165,100.0
7.29606178338064,79.16476647111247,8.613785952566971,High,Yes,Yes,87.19131358944946,100.0
3.581627180328405,65.52960006688451,8.108184488552357,Medium,Yes,No,32.19034906015309,78.51748175034342
9.004180571633304,56.32870823379776,6.561109604063372,Low,Yes,Yes,94.82171166885391,100.0
8.721239089441514,74.70321502038455,5.729387303689287,Low,Yes,No,44.5565719050086,100.0
9.488855372533333,50.5832191903734,7.977249803948646,High,No,Yes,75.04123481019059,100.0
1.705241236872915,67.1463709679616,5.737857621194911,Medium,Yes,No,91.2424751184557,98.78948921932556
7.798755458576238,66.76034637747735,4.060542376174437,High,No,Yes,86.53394879177738,100.0
3.861026378007742,89.07802144714373,6.938846804310991,High,No,Yes,83.1511746130058,100.0
0.4544638034145787,45.27198994869,4.527368499783153,Medium,No,Yes,64.89463305535031,60.45814548028259
8.967884099060118,60.22019058587718,4.554947346067405,Medium,No,Yes,85.54062166407638,100.0
9.041586944937483,50.78098653221452,7.38088781037717,Medium,Yes,Yes,43.93426173653469,100.0
3.509150125520787,99.0386588775897,5.282650312221239,Low,No,Yes,80.91935907427563,100.0
7.030189588951778,94.85792839362995,4.973112559103825,Medium,Yes,No,41.60040094430309,100.0
0.05522117123602399,78.63997259434095,8.340283450537251,Medium,Yes,No,78.65380769478188,90.0903303700515
0.7404465173409036,79.53543651460907,6.014900893825807,Low,No,No,59.26898639160897,80.96676875059924
9.327284833540133,72.85554256922418,4.921124196190131,Low,Yes,Yes,61.28538328272054,100.0
3.456959935039194,69.80601153155015,6.154926102566481,High,Yes,No,39.02095781447812,86.72969876983686
5.833917947661204,81.70867324285562,5.855862117188138,Low,No,Yes,57.08908438403059,100.0
5.015162946871996,65.66638802415174,6.711186027459242,High,No,No,32.84712183662528,81.46002994930174
6.432882184423532,47.73219204840671,6.049524448481441,Low,Yes,No,29.47898168042503,95.05704416504328
5.227328293819941,57.58886381566079,4.129059534747435,High,No,No,33.70042881797511,90.26938244528844
3.220791655831783,45.6340429473651,4.173351333632416,Low,Yes,Yes,91.43114794974827,100.0
9.29529144247826,40.45377249868853,4.657445599489908,Medium,No,No,80.78511629115995,100.0
3.379951568515358,45.36466013873557,8.366614579304038,High,No,No,93.20245239501529,100.0
7.764129607419968,77.25493106604863,4.676770411388428,Low,No,No,66.08643331337234,100.0
0.366832028905979,78.34719626893002,5.486189038543086,Low,Yes,Yes,79.08066412267775,86.11921847916507
5.034172708548569,75.12126186380513,5.461091152309489,Medium,No,Yes,34.76659038317626,94.50207531976905
9.899602323899453,63.92936685381403,5.985075206185958,High,No,Yes,44.36920958049809,100.0
1.392720726633873,53.68478631693595,7.619865277330469,Low,Yes,No,55.47706275072655,70.3057362448188
5.978999788110851,52.30837842892043,4.438213733819193,High,Yes,Yes,47.11560490655289,100.0
1.168980407083641,97.08420053239942,7.180480232047711,Medium,No,No,36.84518300561636,68.27691577093513
2.420552715115004,62.98831169496985,8.007685559414949,High,No,Yes,41.42746955335734,74.16436302642659
6.182180633162611,52.786282241505,6.319662433441681,Medium,No,No,36.92957928793456,98.33227633809184
4.275410183585496,93.78014911126718,4.675831445774114,Medium,Yes,Yes,30.46991505198501,94.86278781365222
8.074401551640625,92.10807855387478,4.711246843435981,Medium,No,Yes,23.30302845413483,100.0
7.712703466859457,82.95833373084386,4.404596415256261,Medium,No,Yes,22.04375089631113,100.0
6.0642905965959,88.39366887168698,5.748516148729248,Medium,Yes,Yes,29.78759480878882,100.0
6.58693631618945,81.84828770015702,6.991126470318694,Low,Yes,No,68.78189366178982,100.0
0.3353243473577938,89.3568591108207,6.885999433672755,Low,No,No,43.79791080653649,58.19352821760506
0.05061583846218687,54.98008053155115,4.870546676670422,Low,No,Yes,74.3174410708962,72.39597212561533
9.053506419560637,70.44806402565017,5.811177208261442,Medium,Yes,Yes,78.30916003867893,100.0
5.495288823237355,78.31155685984513,5.300788954810256,Low,No,Yes,81.77048155986421,100.0
0.26366974497252,78.6146617117915,4.760521416111365,Medium,No,Yes,63.4798374600644,75.20071229051025
3.109823217156622,87.99496512239136,4.662623363709242,High,Yes,No,75.88846215272108,100.0
0.2058449429580245,99.09047193774008,8.40039543780729,Medium,No,Yes,78.81546307739501,87.51923343245726
9.383404568210379,43.61604341737365,8.538055012782774,High,No,Yes,25.09799748645528,100.0
2.89751452913768,75.41769655088846,4.76012426564324,High,No,No,38.73291218348898,70.80285107831676
3.808908566310215,49.5726808067913,6.526033867883191,Low,No,No,24.58285007147242,73.77485314638928
7.222525683930662,78.51829002659596,7.944925799603967,Medium,No,Yes,63.038794848127,100.0
1.608080514174987,69.36549781858844,4.491978248566987,Low,No,No,71.7804291433304,87.95016861292423
7.224521152615053,81.77732655268838,7.282393036657513,Medium,Yes,No,47.30845812578745,100.0
4.089529444142698,45.48921024386529,8.430978902325371,Medium,No,No,21.76493708105741,79.92771509530526
7.506147516408584,58.05781401680898,6.184253513075898,Medium,No,Yes,78.8577261368741,100.0
8.925589984899778,85.81634764958565,8.918394626317067,Medium,Yes,No,58.42252601653104,100.0
7.308674752036443,95.6220726877784,6.055105376327729,High,Yes,Yes,59.14132461184574,100.0
5.487337893665861,53.27256650917613,7.301513598506691,Low,No,Yes,45.54086266099227,97.00432350401117
1.694927466860925,99.87604663200025,8.594632668197772,High,Yes,No,23.79193909696542,77.68393223084294
6.408747448032146,44.40980483980076,8.535975153529149,High,No,No,78.9443957156685,100.0
0.4645041271999772,67.13307645338843,6.251854681290926,Medium,No,Yes,28.76926516440436,46.80666734809093
6.97015740995268,54.32662874609814,4.215868678985059,Low,No,No,36.21878961398967,100.0
2.837759057987244,81.37160506189366,6.587231758775206,Low,Yes,Yes,81.67543335926356,100.0
6.057748193568871,46.39558181847944,8.46261644977423,Low,Yes,Yes,54.07087975923669,100.0
7.699935530986108,53.22917254421052,7.079927251300895,Low,Yes,Yes,26.15177639086031,100.0
6.232981268275579,80.3135646159237,8.878051004299575,Low,No,Yes,30.34139520170078,100.0
7.694929331919369,63.31348607622074,6.410205290560413,Low,No,Yes,92.58520532363637,100.0
5.406351216101065,93.02715309780554,7.804953800140469,Medium,No,Yes,28.79601108503338,99.40864814513884
9.109271844938425,82.84521592794567,8.285896284993765,Low,Yes,Yes,92.49106374140618,100.0
8.938925830509577,90.39167817200322,6.669837362738819,Low,No,No,75.85525458719076,100.0
8.359801205122059,75.57639609050219,6.243053154772713,Medium,Yes,Yes,57.55331943775035,100.0
1.197621318192512,92.08853526265032,8.278480469187697,Low,No,No,34.56221517845617,80.66642664502052
0.9128667678613356,99.82747000946267,6.437855968366922,Medium,No,Yes,89.3190705952337,99.42655266900641
6.918951976926932,99.26008047979883,7.82186331110868,High,Yes,No,80.37227977994408,100.0
9.966368370739055,53.70728447987793,6.798778418191913,High,No,Yes,54.30822919024162,100.0
6.275580800840634,40.58625084515102,8.5461010293078,High,No,No,59.24097912281562,100.0
6.496328990472147,94.92929785528251,7.123317844271319,High,No,Yes,91.11886533425594,100.0
8.661761457749352,95.53411077440657,8.001782539111808,Low,Yes,Yes,42.07000524778358,100.0
9.621725484745419,40.69723239448604,4.259782887771342,Medium,No,Yes,43.06473466178423,100.0
6.364104112637804,41.59193223242918,6.162489391650659,High,Yes,No,40.68180533309609,100.0
5.543540525114007,45.21920559468461,6.941011334741953,Low,No,Yes,34.62567353289619,95.10453280604898
5.868411180208791,92.1342990687231,7.346001314690392,Low,Yes,No,39.35779468703513,100.0
2.473481017431976,80.81369454587748,7.657482451701812,Medium,No,No,30.1516576229963,77.17859014639265
0.2007119777772637,98.19472276643623,7.972891393500952,Low,Yes,Yes,84.1104334099446,99.09899315948834
7.319939418114051,74.57730161000879,5.13328201113494,High,No,No,24.50723077836276,100.0
4.391349085702184,50.88630086173762,4.605125002425965,High,No,No,50.68138614761571,92.71403761382993
2.292513952326415,41.41831516278018,5.531567493891064,High,No,Yes,29.64473644704144,61.64417900534854
1.504168911035282,43.62112503943383,8.412081842036693,High,No,Yes,25.75421201396639,58.08960916612464
1.519026935122944,67.22737248301836,7.324924517379976,Low,No,No,87.12989666384344,89.91149141545755
6.966508238768922,45.13949497578583,7.229111931432421,High,No,Yes,79.3018326425126,100.0
2.322126951468173,97.77561251425479,8.708628558094626,High,No,No,90.39986099700292,100.0
8.660638895004084,89.03786619774962,8.469948550039351,Medium,Yes,Yes,79.25111311699115,100.0
1.733735952947548,74.02097565920008,4.521124014041739,Low,Yes,Yes,24.43293656567409,57.11874350131956
8.773730719279554,65.2814201366242,8.92334869762254,Low,Yes,No,72.03541677255589,100.0
9.208724005318132,96.19634153769769,5.523755476930667,Medium,No,Yes,90.1533620980338,100.0
2.477309895011575,55.58522702561957,4.324267972414842,Low,No,No,79.35976556671392,98.00406963883663
1.732018699100152,80.68096915354381,7.924484885557337,Medium,No,Yes,20.10097032174228,63.96604407812695
3.408035402530178,42.74452202875077,7.756875430145229,Low,Yes,Yes,63.58965677907175,96.29245644803287
1.158690595251297,53.31832971597697,7.474755444512309,Medium,No,Yes,94.20738243347236,91.43921363098792
0.5147875124998935,92.43340465375091,7.801449115610675,Low,No,Yes,39.67572250857093,75.39466311411857
5.031362585800877,82.50177860290208,4.443002148398087,Low,No,Yes,68.91765148493306,100.0
6.28942846779884,77.9573135880369,6.290934433689463,Medium,No,Yes,80.01547607626844,100.0
0.8483771408519192,92.11739007733664,8.25308028920569,Medium,No,No,26.57373771459899,67.56412794118667
2.708322512620742,49.2337543803913,4.744440251662223,Low,No,No,77.60040764849072,100.0
8.09874445854635,72.0161528036127,7.085332580589006,High,No,No,92.12118552846242,100.0
3.37615171403628,71.54141093816115,6.130416919451857,Medium,Yes,No,59.87457678233623,100.0
6.967371653641506,60.51232996232116,8.013216548978551,Medium,Yes,No,29.56142601051847,100.0
2.242693094605598,42.36560868211036,4.104724805154564,Low,Yes,Yes,31.97186760741254,57.20018664524819
5.707783046689119,79.53312821395943,6.172979804293559,Medium,Yes,No,53.83948935880427,100.0
9.218742350231167,51.44126323982,8.684789115155315,Medium,Yes,No,26.91259688543242,100.0
3.924451074226354,50.86896097208082,6.28118254477771,Low,Yes,No,52.55391320607175,83.15874160379809
1.845210193563773,58.96936629860503,7.518429887303979,High,No,No,84.9719326986636,97.90381796597461
4.926180939928696,98.16473934011725,4.165946772812131,High,No,Yes,49.56020350869711,96.07257711813894
5.245113895702547,64.24841929906198,7.261121297727362,Medium,No,Yes,23.52297433236048,91.80223759100906
2.734070719307062,87.38191042854875,4.829774476478925,Low,Yes,Yes,53.90649476085245,92.04802655814294
7.259556788702394,95.03881452773456,7.581616940313411,Medium,No,Yes,42.83693995617131,100.0
4.118409141472686,41.0939549605817,7.511293830158321,Medium,No,No,21.25068601173794,70.89509238642987
1.870437485575234,66.92161735735183,4.980488563691964,Low,Yes,No,61.23981337732986,81.97190611117746
3.88677289689482,86.53165700170064,7.002971666803086,Low,Yes,Yes,72.47789045746072,100.0
1.470734809290379,66.71831530015993,5.396380442272052,Low,No,Yes,43.02292116567637,68.58040487649498
8.952068376871994,70.93576171475502,4.240714179891767,High,No,Yes,60.7248599453952,100.0
7.615106317174723,53.79727635346517,6.826651272858049,Medium,Yes,No,94.16266485418734,100.0
0.8870253375705561,84.18412090393844,4.210123375857027,Medium,Yes,No,34.1962734437007,63.33308446455332
3.742707957561203,86.25531067864313,6.616954556871832,Medium,No,No,86.8488654770224,100.0
0.7276300636419353,91.86149499037822,4.570478924439667,High,Yes,No,26.07789578487926,61.99443051821721
9.666548190436696,41.46404689339228,4.987352449299687,Medium,Yes,Yes,32.25024860667929,100.0
0.7586332810866392,86.40838754119605,8.35602241131526,Low,No,Yes,51.69920253417187,83.190147383545
3.482554670233004,54.25259949543266,5.625520077158495,Medium,No,Yes,55.24365290251965,93.81436980445307
1.195942459383017,83.33601591133956,4.874193136302063,High,Yes,No,61.79829314857314,82.54790104876652
0.8692028808742369,69.83048584050565,4.469286424116781,Medium,No,Yes,94.5936491776445,100.0
1.134735212405891,86.25473222474932,8.508809960677118,Medium,No,Yes,44.32593557712918,83.59575809968665
1.533514031160802,81.54616907946217,5.872764435100606,Medium,Yes,No,67.02263258965374,83.8584543924832
8.76653602658345,69.20013648548218,4.503187392617667,Low,Yes,No,28.73583872550028,100.0
0.3050024993904943,96.56390644810753,4.495890497936079,Medium,Yes,No,30.58306955160133,57.15767763692618
2.376375439923997,49.97700212536476,4.548680993387517,High,Yes,Yes,23.22893020367514,57.67653623783407
9.868869366005173,96.76692772801796,8.087248542455958,High,Yes,No,51.76609369939223,100.0
8.105533307818328,83.89537130531991,7.07649012534901,Low,No,Yes,81.18270534763303,100.0
2.221078104707303,90.09581420795794,7.119479181458193,High,No,No,53.30864348722492,90.31106417984881
2.587799816000169,48.91976366518678,4.445622160580083,Low,No,No,59.23572655228739,77.80296932680434
7.722447692966574,62.39855897678517,5.9031164673829,High,No,Yes,79.51779909041012,100.0
4.254364386164168,62.39510749776041,5.403416077579871,Medium,Yes,No,28.60651995603766,78.43839164966654
6.424192782063156,85.16299837345846,8.66556665671779,High,No,Yes,72.60374641697675,100.0
8.127995672575025,85.66143945657993,8.300698466747175,High,Yes,No,44.0020487421794,100.0
3.117220677955483,54.21223353846892,6.110171300638195,High,Yes,No,58.48813117115269,93.92807437407093
3.232029320207552,56.33843959116214,8.433021076202333,High,Yes,No,40.85746362997673,82.39337651405809
3.308980248526492,41.18263226526185,7.20486038672666,High,Yes,Yes,71.6571905608524,97.47883915670019
8.35302495589238,61.34036298789695,5.6233796344503,Low,Yes,Yes,90.73811172209638,100.0
0.902897700544083,57.32162420624199,4.750243323469921,Low,Yes,No,20.60443275065898,44.99286863769082
5.924145688620425,84.25007488658491,4.483382248233598,High,Yes,No,56.43630716844736,100.0
3.762595855309158,95.2508708689412,6.717691086713231,Medium,No,Yes,84.46672976884527,100.0
6.33101457273268,75.41384001214523,7.401138896041767,High,No,Yes,34.33490663366726,100.0
1.771106794070489,58.91742026983662,5.12307805921926,High,No,No,60.15259558862384,80.43548785534547
5.744731131799119,69.15230555117954,8.118951921106474,High,No,Yes,68.92063331742877,100.0
1.642657979309929,58.67846194936022,5.288036101668609,High,Yes,Yes,67.46019579961302,86.59265675401991
5.187906217433661,41.103440592848,6.248923244106613,Medium,No,Yes,36.27171843979096,83.882672012578
1.017824726204037,99.96482354623998,7.03544789359377,High,Yes,Yes,90.26958977983541,100.0
0.7845638134226596,53.46643431019964,8.383253809141003,Low,Yes,No,53.48314413474115,69.44325339656788
9.624472949421111,56.44331324123236,8.137689477834371,Medium,Yes,Yes,88.04367082673043,100.0
8.911431136980712,42.37712952090143,8.389150390760204,Medium,No,Yes,40.83838724049241,100.0
0.5808361216819946,96.06202088614089,4.338062817961075,Low,No,No,33.28943757583933,66.69501020045294
2.016273200477445,88.1815538699598,7.182006850917035,Low,No,No,62.64141917034591,90.93217837679643
7.94025189270296,52.7226903944936,4.602792082018452,Medium,No,No,23.2486454940734,100.0
8.154614284548341,64.52405026588579,8.029627000588107,Medium,Yes,Yes,38.00530553656749,100.0
6.203095513534647,75.54101971560173,7.744131684816532,Medium,No,Yes,64.45782056526386,100.0
0.85347464993768,61.0075155500038,7.918958922426986,Medium,No,No,22.25159991118039,58.32005634607153
0.368869473545328,40.65974971950883,6.406720758176618,Low,Yes,No,27.1796791058298,57.51084961283382
8.226005606596583,76.46420769273155,8.000354843495797,High,Yes,Yes,27.919365948248,100.0
1.952429877980445,44.61719209775255,8.058848940450687,Low,No,Yes,72.32872306649696,85.35213841178427
6.576128923003433,81.84521603481039,5.028436310977776,High,Yes,Yes,39.83868529916287,100.0
7.771469159274368,87.79223745857058,6.291503207643283,High,Yes,Yes,72.09903296076315,100.0
1.181648276216563,97.77952023153968,4.930507089231386,High,No,No,82.98652641526164,100.0
1.198653673336828,99.06413084221313,6.635207319558258,Medium,No,Yes,76.25213091066433,86.96041077869096
3.189756302937613,72.39912278295134,8.703396225576704,Low,No,No,64.40126320917972,100.0
3.200496010306118,69.31859142427994,5.359748630643155,Medium,No,No,87.70291328340171,100.0
9.699143978146033,92.3070139955321,8.835633076295853,High,Yes,No,57.44772095107439,100.0
6.242379959139921,77.98908253564134,4.050655920138717,Low,No,Yes,43.62578803875684,100.0
4.41530501373377,63.85566387776765,7.654104824903649,Medium,Yes,No,87.40909173030107,100.0
4.951769101112702,79.81224232100263,8.210166471882106,Low,Yes,Yes,63.60628291865154,100.0
3.533522280260528,52.00901465468861,7.964272095169196,High,Yes,Yes,94.74242422167369,100.0
2.287981654916225,55.56540600587755,7.097939774489148,Medium,Yes,No,90.28317086897577,99.43448115212709
3.985047343973735,56.02169621016528,7.943074823362032,Low,Yes,Yes,30.75465275081694,82.64401291545053
0.884925020519195,42.1929800708857,6.769011203561881,Low,No,No,63.88088316546523,73.92785714598206
0.9717649377076854,77.6503277931022,7.642453385808066,High,No,No,69.70972056572913,91.541462938579
5.230978441701488,69.93328920708137,7.860062381549952,High,No,Yes,25.00204110540867,94.2542011205766
3.689136395697724,97.90712178616273,6.34383982732253,Low,No,No,21.57658300446629,88.14184214096775
3.930977246667604,90.67296391210422,8.84244388797192,High,Yes,No,20.72651620557258,81.96314296559584
6.519612595026006,96.64356038119679,5.32523214162502,Low,No,No,23.92934716961459,100.0
3.456672833238632,71.18643691336106,6.8022031549022,High,Yes,Yes,45.6385464123569,89.10257228959439
0.1439348862975587,44.86277295445888,6.803300472080855,High,No,Yes,24.57553572540462,41.17132053629483
4.56069984217036,72.24373617627538,4.876514711788298,High,Yes,Yes,65.28477439468222,100.0
6.939484444671001,53.91682576695852,8.112111868341392,Medium,No,No,73.58105761028733,100.0
8.564898411883222,90.22079970182033,5.103059763556056,High,Yes,No,38.83100777488758,100.0
0.2651131054162181,49.51630631758442,7.212825997675957,High,No,Yes,28.50806128279375,49.19366722933896
7.751328233611146,84.99762822395067,5.515641779726643,Low,Yes,No,78.49912451829083,100.0
7.578461104643691,69.75254410472624,6.807422939797618,High,No,Yes,58.37289368892606,100.0
5.230654247691193,56.35744004401202,7.432949567463034,High,Yes,Yes,20.83089144457323,82.38296324871888
2.524369443440207,92.07509767120132,5.499595557534923,Medium,No,Yes,41.25230516683386,79.10421143476637
5.360963663441204,96.17273477462139,6.6651443362307,Low,No,No,74.92913349481663,100.0
0.4600264202175275,80.99552581957576,7.382339686131811,High,No,No,26.99535850836274,65.65821462581452
0.3594227379674209,68.04409067499219,6.307787372098949,Medium,Yes,No,29.15836369432159,60.17140743094925
4.319450186421157,43.28569832932188,6.788917086850125,Medium,Yes,No,42.1304261948232,91.34461127220156
6.334008543167258,79.40419987247753,7.265813952656416,Medium,Yes,No,80.12632198934787,100.0
9.06472110964547,42.60475197128915,6.968303956042693,Medium,Yes,Yes,34.91105457030523,100.0
0.6355835028602363,46.24651491907443,8.112402818171805,High,Yes,No,87.3307674882294,84.74086178090342
2.713490317738959,67.19733008488166,6.578397138482488,Low,Yes,No,66.27080205383764,96.83064217163745
7.460448792654233,58.62171753541443,8.032018086164197,Medium,Yes,No,70.52763001566174,100.0
0.3734818874921442,78.97879893954212,6.007471579306442,Low,Yes,No,60.91865913440498,80.65882297868751
7.533781852589416,41.95157076947511,7.539175486148843,Medium,No,No,56.6776831480715,100.0
9.246936182785628,46.39589518802631,6.30738732312367,Low,No,No,37.54226986041526,100.0
7.723183917356393,42.40655148474895,8.141246262186092,High,Yes,Yes,72.36488230073749,100.0
6.981617140197452,41.89516868953852,8.575450342035216,High,Yes,No,59.72854745812757,100.0
3.677158030594335,98.26349470992207,7.87316890318894,Medium,No,No,22.69476366394797,96.1592092021952
0.5755876001664428,65.18363901556734,6.093966595370807,High,Yes,No,87.08032914863804,92.68011673408745
8.685991281894603,68.79633008302741,5.293104174440193,Low,Yes,Yes,37.44059987156412,100.0
2.502428981645953,47.77089527696825,6.063109204243119,Medium,Yes,No,29.68808339323328,66.60209540969755
4.196000624277899,62.36131102073884,7.211627629526137,High,No,No,78.56895172895679,100.0
3.706421470668909,90.68699368701326,4.573844359346087,Low,No,Yes,54.78606872957599,96.59971137133535
1.881211597237613,81.36789814823595,6.616648155973706,Medium,Yes,No,25.59788233095716,68.23587906564055
6.90937738102466,75.70467584201529,7.440673530432711,Medium,Yes,Yes,86.32663628418152,100.0
1.120389021680523,88.47075651647552,7.717969580882799,Low,No,No,41.44254003284018,75.49395561267328
5.45616789315935,84.61049537749646,5.91916475966522,High,Yes,No,66.7049211719625,100.0
5.357746840747585,63.35773684251859,6.441205685108891,Low,Yes,Yes,69.35412378959155,100.0
9.636199770892528,92.2059324340558,8.434624501046347,Medium,Yes,Yes,36.63364836442389,100.0
9.872761293149445,44.89779892183537,4.417320424946917,High,Yes,Yes,55.00460703259628,100.0
7.602278598896866,88.7791443229656,6.537059693589044,Low,No,No,67.30380833689469,100.0
7.068573438476172,41.52318133962069,7.950152181535307,Low,No,Yes,30.82319005412023,100.0
3.274973521779146,66.62501315827427,8.97718758095655,Low,No,Yes,40.29649960201975,92.60866125251432
8.955232284962005,86.22444506846759,7.796991312089819,Low,Yes,Yes,82.79472553538815,100.0
9.07566473926093,65.28547303554987,6.197558443164551,Low,No,No,70.93993634008771,100.0
6.334037565104235,73.1228308511188,4.290818977527379,High,No,Yes,89.60763766323399,100.0
0.516817211686077,43.47056059380378,6.771132570660083,High,No,No,53.33961897876198,54.06458525572077
7.607850486168974,89.8131918740195,5.993315138861566,High,No,No,82.5943214446454,100.0
9.50061967050805,67.08322145978053,4.313266017276773,Medium,Yes,No,57.42283376853245,100.0
4.722149251619493,54.59033145996725,7.824049004514977,Low,No,No,23.88394165496127,84.9773695696142
0.5637549665092711,79.52246653005257,8.40963879152322,High,Yes,No,93.93539906376543,98.6133815648482
3.588304841235025,64.8129460915211,4.572438190329525,Low,No,No,74.76300899830075,100.0
5.027203900924792,55.39376702208182,5.773856459179921,Low,No,Yes,64.17650682356836,100.0
9.495206236576422,92.24499407635068,8.1852056262147,High,No,Yes,46.98455701589746,100.0
0.7773463696498484,46.27407042006401,7.172912087751518,Medium,No,Yes,77.78354158054924,89.47189978349363
4.636984049399821,88.03520194654497,5.435689790422877,Low,No,No,88.08015748831345,100.0
9.699098521619943,90.33388518675605,7.25438684523597,Medium,No,No,54.67933826844055,100.0
1.011226761227902,41.86804497307068,8.860026648157685,Low,Yes,No,49.24248097183104,69.39291851976732
9.093204020787821,97.66421904816731,7.117928440013799,Medium,Yes,Yes,85.4764545522287,100.0
0.343885211152184,50.68215801218508,6.60478988636021,Low,Yes,No,27.93899269084316,47.07011664711821
1.865185103998542,57.8273029373905,6.380090646843833,Low,No,No,28.07106385698941,66.54119278377348
1.344146769389742,60.47486965756939,5.467444116040609,Low,Yes,Yes,68.55934555591594,82.85067532615156
0.8175903194887191,43.42521136535889,8.814051785370129,Medium,Yes,No,25.10817685426419,50.6068949768997
9.506071469375561,49.81742927150015,8.532187266722055,Medium,No,No,43.86965310392944,100.0
9.367299887367345,69.78197483207418,5.273353110230255,High,No,No,82.13661004214308,100.0
8.129010091300776,73.32181305625787,4.811167028912397,Medium,Yes,Yes,66.04845922050453,100.0
1.29159415151495,41.83915013234837,8.29088526578582,Medium,No,No,33.53886712943177,55.12531585666616
3.867353463005374,43.08554880905502,6.18801562027696,Low,Yes,No,61.95540692955177,93.58764758901168
1.52859139184332,42.89272233163337,7.156537765459944,Medium,Yes,No,93.80236357093476,99.12836795656473
7.624586857406905,80.05299395748823,4.615016475618728,High,Yes,No,24.56965412905399,100.0
6.96029796674973,64.11585481655453,6.3026974863707,Medium,No,No,40.98094758268033,100.0
5.698896848713165,65.42429521892578,4.218695361544737,High,Yes,Yes,88.3969688149725,100.0
6.717006844058568,83.63014418597848,5.571750565918742,Medium,Yes,Yes,85.11269714948781,100.0
1.834045098534338,71.13028342756432,7.34743477599095,Low,No,Yes,84.20993742603076,96.68979586467796
5.986584841970366,76.40290278297135,5.774981529159687,High,Yes,Yes,87.85747562600885,100.0
0.4072880231897014,44.56785156941801,8.02494499840385,Medium,Yes,Yes,92.28673706588552,78.98891897382842
9.36154774160781,86.0312973358676,7.775209643731392,High,No,Yes,41.54950373816764,100.0
4.591357562382613,49.81143235510137,5.526553383483656,Medium,No,No,94.08121543243914,100.0
9.472485773838587,77.57321929788492,7.614071516042419,Low,Yes,No,55.73459534295496,100.0
4.741738290873252,68.83519463959888,6.491278411317268,High,Yes,Yes,86.71824637478691,100.0
9.69302535619099,48.5497325740908,8.924948280704376,High,Yes,Yes,55.56232222039898,100.0
3.28664545369916,80.82995812448279,8.499166728436363,Low,No,Yes,86.84000547977018,100.0
2.692432309493809,52.1112071273769,4.394845810954143,Low,Yes,No,64.85068379965622,83.87459038517856
3.488682665429953,51.74667914101276,8.964084194995351,High,No,Yes,34.60801232654194,84.1895939669887
9.54865280663194,79.3145188383413,7.970986656385421,Medium,No,No,55.32125440793859,100.0
4.686606419941262,69.49567280448622,6.058827707922543,Medium,No,No,80.30717522251946,100.0
7.080725777960454,46.79428275044532,6.700059573022553,Low,Yes,Yes,90.61496827133308,100.0
8.530094554673601,41.27616465102323,7.22905406327603,Medium,Yes,Yes,43.81659349021263,100.0
2.921446485352182,60.00995030146865,6.811484079389549,Low,Yes,Yes,74.72839298730668,95.66638019987889
5.683086033354716,57.84094044235304,4.606932090797033,High,Yes,No,40.99194891848202,100.0
6.715731955927996,62.26232577907616,5.788991326627209,High,Yes,No,22.85647254494895,94.89369368098075
3.236792364042437,54.25264785245965,7.053900355378842,Medium,No,No,92.23692702988,100.0
1.815977168014257,99.26713121289325,5.594334091605694,High,No,No,68.15648805142993,90.22165351427361
4.625347161331479,40.29639885606458,5.506326303800002,Low,No,No,81.47071647993499,100.0
4.916158751168323,89.48085795550895,4.292754646219896,High,Yes,Yes,77.43717794261823,100.0
8.967654246264251,84.30695255507959,5.922556638224062,Low,No,No,71.80447363349472,100.0
8.985541885270793,83.93349318457368,5.482677906438276,High,No,Yes,78.22178581369609,100.0
0.2431596643145384,83.48600629172569,5.691337529972492,Low,No,Yes,20.46931032698527,46.5339845715851
5.612771975694963,63.83101177710729,4.731869960811245,High,Yes,No,46.87509925037553,100.0
9.997176732861305,83.15210669633584,4.063037599878795,Low,Yes,No,66.23211330289026,100.0
4.582528904915167,60.10713125554851,8.199011428178085,Low,Yes,No,22.088293068306,78.99731602851986
6.181282404578958,84.56239127199886,6.355839494664073,Low,No,No,42.30211484813542,100.0
5.78280140996174,96.68392133748462,4.800358174772865,Medium,No,No,43.39339291525289,100.0
2.579416277151556,83.6913253722162,7.296769611028914,High,Yes,No,84.28937427946914,100.0
4.984421989290572,80.99488169737876,4.574664985297834,High,Yes,No,59.03370531239645,100.0
8.584127518430119,98.4093381506438,8.78307310541729,High,No,Yes,76.7250702187165,100.0
4.89452760277563,94.8647167554976,5.206007287997707,Medium,Yes,Yes,48.47125733387527,100.0
7.290071680409874,49.36915584197142,5.523395695490204,High,Yes,No,28.67759886352266,100.0
9.06354385094736,47.51114753215302,8.728490735001412,Medium,Yes,Yes,69.99628136595292,100.0
6.106200424416325,80.09276791330097,4.038320163246127,Low,Yes,Yes,66.31468362967337,100.0
6.499639307777652,80.77883696158419,6.5418027345814,Low,Yes,Yes,63.86289737666615,100.0
0.7455064367977082,91.70713726081104,4.58183198942738,High,Yes,No,38.46831207279501,69.62147392452583
0.4521867010618941,67.139097071098,7.271462761624809,Low,No,Yes,43.84869135052512,59.39065795159998
5.296505783560065,54.78412199434641,4.33326020280345,Medium,No,Yes,48.66891889830938,97.95232383423722
8.101133946791808,54.0164650629946,5.067556831553359,Low,No,No,75.0429032751402,100.0
2.807723624408558,60.39249782608397,4.640478731831,Low,Yes,Yes,62.46612618144624,83.94364766879471
8.872127425763265,45.96648356556071,7.031264688754887,High,No,No,31.87279250792108,100.0
2.484891398144657,86.83153091463171,5.475203538270781,Medium,No,Yes,29.78784197280798,80.45326979478617
1.865700588860358,96.9071984177294,7.475176144292766,High,Yes,Yes,37.93569090758923,76.51908855025933
4.271077886262563,41.34815849920705,4.311458990650314,Low,No,No,90.5137393439062,100.0
3.560967258978462,63.63186433924951,7.869398278650782,High,No,No,44.77936052492124,93.13261762352853
5.908332605690108,53.90030208300661,8.959049756746818,Medium,No,No,79.28903827037551,100.0
6.454722959071678,43.92138044793654,8.640418201630249,High,No,No,24.64142762603564,100.0
3.745401188473625,82.43431805880391,4.959336623593715,High,No,Yes,34.20450634136346,95.1940119596488
5.862298320167972,99.4753596221313,4.834301008493764,High,Yes,No,80.62961617280172,100.0
1.770104842767468,42.20028561601258,6.112742141559723,Low,Yes,No,29.53221801638294,51.00543121856803
0.1811018382084051,83.46032902772447,8.450485175919042,Medium,No,Yes,39.18077761612253,62.99528572366417
3.748705795237041,44.34681326767353,7.931390996920165,High,No,No,56.90408670368004,100.0
7.019668772577034,53.09523327190385,5.487742256594103,Medium,Yes,Yes,45.31493494128642,100.0
6.18254771530296,99.19780737753081,4.062020181386574,Medium,Yes,Yes,55.87516112529169,100.0
8.036720768991145,57.66794557251506,4.288902804981833,Low,No,No,36.79869093988108,100.0
8.920465551771134,59.14602839459533,7.993570958272873,Medium,Yes,No,84.34663181862929,100.0
6.200727559285135,76.6588593310595,8.512266536429209,Medium,Yes,Yes,72.45045996894822,100.0
7.915790437258485,97.05181373502462,8.816972171067752,Medium,Yes,No,61.57675109122768,100.0
0.8410680611499743,79.10000952255311,7.042636363482333,Medium,No,No,56.00355329825642,70.57133067503399
5.113423988609378,99.26334338416189,7.664007723831253,Low,No,No,29.41741839779385,92.65653072647203
1.56437042671086,55.93600255532236,5.957628490889147,Medium,Yes,Yes,40.92035570551076,63.58935993670033
8.5218150031854,74.7205245143436,4.868807965678719,Medium,No,No,23.14730550827257,100.0
2.848404943774676,52.3852763056362,6.080769990898808,High,Yes,Yes,73.25860747529595,90.63483060657835
7.891712386073383,96.6768531684414,6.994892540886053,High,Yes,Yes,61.496797971725,100.0
8.772005408131083,47.31316560021686,5.919194415224897,Medium,No,Yes,62.88419869519853,100.0
1.397723766262895,57.09237411771537,8.105991412751132,High,Yes,No,70.68209696714177,88.58173674203307
2.401456187781931,59.5114038534817,8.691524092242414,Medium,No,Yes,55.21389990092253,89.06173764079784
0.6936130087516545,57.22228799049476,4.130983542660324,Low,Yes,No,74.31908956243498,81.04071022195657
3.594911512197552,61.27732945844659,4.65864386727281,Low,No,Yes,42.22940051564626,82.48850463456996
4.374749220237291,94.54195123993847,4.631323707822514,High,No,Yes,59.27475620409581,100.0
3.22956472941246,85.49430854224548,5.839703756510422,High,Yes,No,67.84264059147212,100.0
4.389714207056361,88.94998749943707,5.528021077451074,High,Yes,Yes,52.57711236059133,100.0
5.58404249735805,68.891341090753,6.423481435650235,High,No,Yes,47.35030071757524,100.0
3.11711076089411,45.12098008471863,4.638567418176174,High,Yes,No,50.81428188803724,87.86992189540604
6.258599157142363,92.03765205758813,6.170096830869376,Low,No,Yes,69.58555088215223,100.0
0.1822182565154973,98.87117068164541,8.158485218378868,High,Yes,No,67.50588051815953,87.06200886533581
8.421189231357086,53.15283924148266,6.088804896375498,High,No,Yes,27.97529730111704,100.0
9.900538501042632,99.04500815195772,7.280809188405358,Medium,Yes,Yes,76.93151994167289,100.0
3.492095746126609,45.49492439959805,4.423960080229016,Low,Yes,Yes,52.32379264406165,81.27250417692863
9.224993811772958,93.6514524798471,7.184511587273716,High,Yes,No,48.85494323805837,100.0
0.8023374566164221,92.71093367808086,6.438335343106322,High,No,No,74.6589666692432,87.69004743290489
7.555511385430487,60.50904110187255,5.080190912547998,Low,Yes,Yes,65.1261623013722,100.0
3.253303307632644,43.94251836570114,6.236012702524178,Low,No,Yes,78.76250606339426,100.0
0.4086861626647886,82.40663301312675,5.902002744852048,High,Yes,Yes,65.77831214887456,66.51535670636167
0.8134878064189976,51.13153094218727,5.254833306701491,High,No,No,50.3543797872244,66.62646780676933
0.3142918568673425,52.47317530876164,8.8291108057661,Medium,No,No,78.61292358066366,74.38532515171865
5.538542844013207,99.19975559602878,6.25619672090494,High,No,Yes,93.16047712355164,100.0
1.242972234855447,54.60893779457795,6.109140892694157,Low,Yes,Yes,47.9090161431274,67.90085425885195
3.287516102875082,55.48800596206765,5.519732006203619,High,No,No,65.25006471590261,90.5731951663483
8.16599439471577,80.86707123789897,5.845265108804583,Medium,Yes,No,29.56776309285281,100.0
1.375209441459933,75.81057093501335,8.204357897129613,High,Yes,No,73.46344968957163,94.43891802585611
7.260913337226615,99.69446935878611,7.728668913656161,Medium,Yes,No,46.38537548077644,100.0
1.170670164276059,64.56004037890258,7.270873007370373,Low,No,Yes,48.80319787933253,60.44180567521183
8.22537242923169,88.10368498418751,8.530716273828832,Low,Yes,Yes,67.10896484326788,100.0
1.106317369552072,75.19650779052844,7.261458242959698,High,No,No,51.16355472965495,77.5512044824002
2.786464642366115,75.8447861302185,4.685548528644995,High,No,Yes,43.47876087973601,77.69618477878264
2.279351625419417,65.512810268154,7.46080670847066,Low,Yes,Yes,71.10147599310116,94.76280616982054
1.071720113397761,48.37907528537878,7.339023416132033,Medium,Yes,No,20.92557845452805,49.99060240328922
5.812382214226123,67.80964262803434,4.183606812504106,High,No,Yes,64.07727637156594,100.0
6.59984046034179,69.72947897237191,8.475588703532683,High,No,Yes,81.5320115194265,100.0
6.0617463445088,67.75737740435898,6.703968774927722,Low,No,No,59.39438140861875,100.0
9.695846277645586,44.02458864330565,4.180801902623811,Low,No,Yes,39.04533289427721,100.0
2.809631895922303,61.03761587255084,7.283900523621471,High,Yes,No,68.97122436033817,95.74545002784471
9.472833396118153,83.05586593949057,7.442025092460685,High,Yes,No,43.70582628824481,100.0
9.01158010490989,71.06269860308268,6.489062540171451,Low,Yes,Yes,49.93750958832646,100.0
7.145959227000623,97.3390898937852,4.016091318021394,High,No,No,65.23941242110007,100.0
1.629344270814297,80.80844630561802,7.678315571195949,High,Yes,No,35.92504807151684,76.93502395600201
3.769444294249076,71.50980302002361,6.094738950937377,Medium,Yes,No,46.57828872396014,89.98738738675412
4.972485058923855,79.08522330111185,7.846524468206699,High,No,Yes,36.506650765354,98.73517624147244
1.007780013774267,77.01561510254453,4.120958819456776,High,Yes,Yes,56.94492539163605,75.58676070209128
2.517822958253642,73.2506801509476,7.668071902807011,High,Yes,Yes,31.72127821623322,81.97555855152552
7.545428740846823,47.80517440783792,5.410935373466001,Low,Yes,No,44.43675955778636,100.0
5.183296523637368,65.06600693004003,6.725134594484691,High,No,No,56.3293389200637,100.0
5.492266647061204,93.32488479213863,7.478090732484034,Low,No,No,27.46598846065814,100.0
2.912291401980419,60.11183449875406,7.65325255119623,High,Yes,No,42.41428514442731,88.38677526622637
5.12093058299281,83.95432583261501,8.460423444701172,High,Yes,Yes,61.0603617396739,100.0
7.4543947418433,74.23658479832977,8.146433996583777,Low,Yes,No,28.5155481744715,100.0
0.2535074341545751,53.42905688935738,8.981671688136236,High,Yes,No,66.40790577807537,68.33049678914568
9.905051420006734,44.0410360881263,7.827564494955549,Low,Yes,No,65.4110937894459,100.0
8.995745732745684,69.01273880319548,7.342863233614571,Low,No,No,46.23907881356408,100.0
8.324426408004218,47.47976087219601,6.664788932756677,Low,No,No,84.87219538364015,100.0
0.1083765148029836,66.7541623826049,7.883552784775906,Medium,No,Yes,29.47033528307989,54.20342984945871
9.053819764192637,56.41759997689995,4.326830787821926,High,Yes,No,81.00758617431981,100.0
9.758520794625346,50.43371495316924,5.012402800826187,Medium,No,No,77.1256907160247,100.0
0.7056874740042984,77.11668269291106,8.991737556964749,Medium,Yes,No,29.15055601826668,71.92013390822436
7.851759613930136,95.19133698476563,7.450024454103328,Medium,Yes,No,84.73516533018042,100.0
1.723198712016298,54.92285635525779,8.32281804761335,Medium,No,Yes,62.5169597187152,89.07496314507856
5.908929431882418,68.56302413194598,5.972381392850177,High,No,Yes,57.53579869000387,100.0
6.842330265121569,74.8353010166826,8.962417510791877,Medium,Yes,No,23.39368917641659,100.0
1.743664290049914,55.73584265798951,5.577034478740064,High,No,No,36.14033597998946,65.66007987279373
9.283185625877254,76.95179129093827,5.203463559162525,Medium,Yes,Yes,26.9897089672021,100.0
6.228904758190002,86.7750684140052,5.776922843428697,High,No,No,94.2317310057001,100.0
1.865670240513058,92.24520702023554,5.187167341874032,Medium,Yes,No,71.0418621334326,93.01044573165139
2.932107716980645,44.94286273695056,5.736716631294213,High,Yes,No,42.40871532906887,71.12196476762902
5.203077009037933,99.25897382416346,6.4710622362515,Medium,No,No,66.49764236556231,100.0
8.670723185801037,42.52559137818172,6.529263464759145,Low,Yes,No,45.99190698624107,100.0
7.994103989090426,46.71517716386367,8.024533884207193,Low,Yes,No,39.83538625003931,100.0
9.856504541106007,65.12623149352439,8.879368774550269,High,No,Yes,43.74400699314884,100.0
8.18014765922493,56.12064156309677,6.547110640748949,Medium,Yes,No,23.50893837288264,100.0
0.8350071669866876,76.99901887124429,4.408626728733891,Low,No,Yes,64.42260282965718,64.07073881458324
7.836530127411431,50.85861716256939,4.348205740812029,Low,No,No,35.0578231067509,100.0
4.734717707805657,60.86855247413158,5.671191593480303,Low,Yes,No,20.40536927545024,78.48727349152637
1.429916820528359,93.64595222074806,4.990488163798701,Medium,Yes,Yes,69.97008961092789,93.64075231551037
5.426446347075766,50.02203676552451,5.233394322608115,Medium,No,Yes,68.60787759005925,100.0
8.08120379564417,64.56469913147443,6.299002118846601,Medium,Yes,No,44.90823374810934,100.0
9.86210744479603,82.38854358921407,5.979852363312275,Low,No,Yes,90.61826395504504,100.0
2.26495775197938,52.8964227154454,8.77667343251964,Low,No,No,40.57884539019406,78.73278800980273
5.75474177875879,41.75483698207355,7.92825809040116,High,No,Yes,64.56063970673432,100.0
4.545410647677732,73.57892100921484,6.319656884061664,Low,Yes,No,89.94084420143382,100.0
1.959828624191452,68.32401670659996,5.527621553290118,Low,No,No,36.97064381124498,71.64361817509946
5.519068387744856,66.31692515137543,7.560070101653904,Low,Yes,Yes,47.27340191895872,100.0
0.9367476782809248,95.46377172259182,7.075064840194333,Low,No,No,40.82893155131329,73.0877016505068
8.900053418175663,87.18070086493313,7.444426510250453,Low,Yes,Yes,38.48899292284872,100.0
5.247564316322379,63.94016223220781,7.309195949246893,Low,No,No,76.80983340880383,100.0
8.607305832563434,72.49805287965202,8.983484269264885,Medium,No,No,43.97390414690469,100.0
6.601973767177313,91.72765703592704,7.097946687299204,Medium,No,Yes,59.27004103644588,100.0
5.568012624583502,61.04270892710261,5.261205100866808,High,No,Yes,66.98427647576953,100.0
4.505441353100935,44.33190453875055,4.937059720487911,Low,Yes,Yes,34.82294154433476,79.31613885765991
0.1215447468981634,81.69891316759255,7.783757528443175,Medium,Yes,Yes,59.26726846473918,83.06097712116414
1.922890188086708,77.0286991962418,6.733241100938942,Medium,Yes,Yes,46.36566950372735,80.13423674830294
2.235958385194526,76.00123288715822,4.823531767161479,Low,Yes,No,36.9524897591489,77.5099078633077
3.420817487159074,77.43155948059439,5.715836765863291,High,Yes,No,33.70633744905769,91.20780906346565
0.9310276780589921,87.96495273813875,4.750845004085209,Low,Yes,Yes,54.08023658599646,73.71095479500573
8.714605901877178,66.16759174811901,8.974331585848836,Medium,No,No,83.36467456172245,100.0
3.764633668780496,71.58415965616679,6.201617091841745,High,Yes,No,45.92187451823011,85.37186100835329
6.815027222239292,85.8929956925277,5.72611571400846,Low,Yes,No,56.74028575383084,100.0
9.44765729882428,79.01954118081622,8.45129026508901,Medium,Yes,No,51.12203270597604,100.0
7.70967179954561,80.08510819423877,5.837672111457657,Low,Yes,Yes,88.46693335524316,100.0
3.410663510502585,60.05463344901765,4.192131744811625,Medium,Yes,Yes,72.25213335775615,94.11111164408544
5.31354631568148,98.14615780844868,4.026148067714564,High,No,No,57.84642684557717,100.0
0.6107795985486375,42.36061244011058,8.146973324294235,Low,Yes,Yes,54.95872194938667,61.5329339812762
9.800325752854771,63.46489219910564,5.063221881855481,Low,Yes,Yes,44.42636015479649,100.0
1.388271726494101,54.16302780078784,5.301434287830014,Medium,Yes,Yes,31.18556194548031,60.64298398041392
8.14574720231382,76.6200269986551,4.297623501738858,High,Yes,No,77.66900334283763,100.0
7.55137255673619,56.60966783410309,6.251754894527063,Medium,No,No,70.87939141272598,100.0
2.546406547637639,76.47430556760668,4.569191967383007,Medium,No,No,74.7682500768401,94.89174362484343
2.286428055034627,92.09635032450282,7.551213993116558,High,Yes,Yes,28.34065605036641,81.37650842787413
1.559945203362026,84.18665413748337,6.595298954541352,High,Yes,Yes,40.47804644958551,77.20997739336781
9.084505613336283,48.18638515340399,6.910993732970569,Medium,Yes,No,40.66524253556383,100.0
6.62522284353982,64.87744742362142,7.77635210248404,High,Yes,No,72.47674317940313,100.0
8.41828776758272,55.40659406323048,8.775302557424943,Medium,Yes,Yes,54.4733448039303,100.0
7.616196153287175,42.8179580065033,6.439270219631812,High,Yes,No,43.61193720137366,100.0
4.607787680327258,68.47785254498883,8.590382760995753,High,Yes,No,76.40965246576783,100.0
0.1658782892785615,96.20978435948548,7.925082719185284,High,Yes,No,38.71273097620563,67.60647692272133
3.042422429595377,75.47652614469575,8.970696806105838,Medium,No,Yes,46.75765337174545,96.28890937284082
4.182430362906189,93.68899936363167,5.01007834201245,Medium,Yes,Yes,47.7518393107112,98.80801150182326
5.467102793432796,70.13170061987455,7.910140438351929,Medium,Yes,Yes,90.69943827249729,100.0
7.972953657795536,53.00438800544654,7.364833111972162,Low,No,No,43.90172029928927,100.0
5.334610919763215,64.66170818840229,4.332219221778875,Low,Yes,Yes,44.79207517297181,91.24012610888957
6.293986381352625,77.08934405908715,4.135837106127799,Low,Yes,No,23.60692328090266,100.0
0.93981939840869,92.74709845372988,7.80560768521579,Medium,Yes,No,45.29832156134206,79.32529708744495
8.496473906774115,51.97254705574871,4.397032923215147,Medium,Yes,No,74.78693581117246,100.0
2.439896433790836,68.45285299944783,6.651510666245791,Medium,Yes,Yes,36.02736061777463,78.74258649967732
1.996737821583597,60.78075966195767,5.004668443295282,Medium,Yes,No,81.68709869676704,91.27232682546591
7.133495858845524,67.28439133803155,7.715965993658017,High,Yes,No,82.79279136663635,100.0
8.218600592903563,68.39259440149343,4.756234143674673,Low,No,No,82.22921497412183,100.0
9.41464808776525,49.64559376289849,6.859361356135933,Low,Yes,Yes,80.50681728418445,100.0
6.311386259972629,89.73492844904064,5.464110183504824,High,No,Yes,74.83680083411879,100.0
0.9767211400638387,61.74363394699799,4.762080066652087,Medium,No,No,46.63487358153594,66.24493715153076
6.411476328852973,72.8018447628442,7.991901702591763,Medium,No,No,22.31981610451745,98.25935046677142
0.7118864846022899,78.04034218597668,5.493627867943865,Low,Yes,Yes,80.44841756506878,90.17242961884901
9.632225394406113,57.49975472255819,5.651075324357487,High,Yes,No,61.32882149711993,100.0
8.464522917345182,50.0808524646918,8.228021814949534,High,Yes,Yes,88.10113170312307,100.0
1.708875873900658,72.66934587765098,6.362466775032567,High,Yes,No,51.02590092389453,81.75817402990931
1.148368247392035,76.20691560288267,4.027528995802104,Low,Yes,Yes,23.82311577668318,52.85330489586651
3.390297910487007,61.65843381640161,4.208364503011921,Medium,Yes,No,54.47381147446794,83.33334396010214
9.293759891275858,59.47514979401622,4.700120487766588,Low,No,Yes,63.47143229211025,100.0
2.424097324150802,44.39175542610662,6.582863142229895,Low,No,Yes,32.71280688995439,67.27899703066542
8.137950197069486,72.47778011806423,7.479495590844012,High,Yes,Yes,93.13849819816312,100.0
3.972872905603673,91.7678246525937,6.149655386950741,Low,Yes,No,26.84816019085027,96.45841932756866
2.850951686938471,86.94312904349641,6.561818887728953,Low,Yes,Yes,32.45561392501353,79.99626090244817
1.274886623319824,84.21242469665093,7.462464133346126,High,No,No,38.19336995553689,71.04795453554678
6.335297107608947,54.72094658087926,4.490412903921223,Low,No,No,87.01959398375986,100.0
9.398321236134752,76.09670920877987,8.566434737881185,Low,Yes,No,25.18651757888759,100.0
1.448948720912231,50.52227671740697,4.060603873219466,High,Yes,No,54.84598766067281,69.64369384785138
0.2878267631333897,65.30325561240733,5.739707057910833,Medium,Yes,No,59.74777557660654,73.59053023081889
3.965427823212702,91.26310560217475,4.874407185879797,High,No,No,43.62577792825487,93.99571139193775
9.823786169086064,80.05560313381508,7.003255332741779,Medium,Yes,Yes,26.83554795835082,100.0
1.612212872540044,56.08381844937257,4.306748135553341,High,No,No,69.06201157145739,84.26234122268902
9.730105547524456,91.72255905935882,4.209756117158181,Medium,Yes,No,51.50030555610537,100.0
5.05888678884466,47.70365736724752,6.152646692311038,Medium,Yes,Yes,65.87348145424943,100.0
5.085706911647028,74.98249365818154,6.53070931420122,High,Yes,Yes,21.25672283692868,88.43053840105519
7.896181427945539,49.06347350685401,6.80084091730921,Medium,Yes,Yes,31.11630965744935,100.0
7.5237452943768,56.39557161989256,7.318948430877946,Low,Yes,No,44.20449295449788,100.0
5.393422419156507,48.40679054598715,5.195900521079628,Low,No,No,78.01790762980403,100.0
8.948273504276488,93.88325736644282,5.800682037357595,High,Yes,No,25.67458279280832,100.0
2.395618906669724,79.90220047277532,5.076009360086188,Medium,No,Yes,23.76608237678414,72.05016863239932
8.264574661077416,59.41661314897247,5.247730999247531,Low,No,No,71.34696456987247,100.0
3.349056146570861,93.05238780090447,8.368492967331726,Low,No,No,39.09054071912459,94.18891857315872
6.635017691080558,90.95173909391916,4.92597783933734,Low,Yes,Yes,79.7908304434072,100.0
3.978555990457417,85.73710808659695,6.531330297476014,Medium,No,Yes,70.42923595990283,100.0
8.062012797930613,67.13194169700611,8.363769197830639,High,Yes,Yes,21.09253660634592,100.0
6.011150117432088,67.05036228424792,5.168560409552165,Medium,Yes,Yes,28.60976954384601,98.75596000939217
5.371065418185478,77.07083441207283,8.548134097182963,High,Yes,Yes,35.13813765228186,100.0
3.046137691733707,94.890754064086,5.996579579046541,Low,Yes,No,49.25901760162544,100.0
4.242220092469763,47.03849133774366,4.828872700816379,Low,No,Yes,75.38794088828891,100.0
3.169220051562776,87.92699414641993,8.23257169345139,Medium,Yes,No,34.49370614256262,89.94595954607428
6.374299014982066,95.66513699171279,4.176556774701195,Medium,Yes,No,32.67963338297872,100.0
2.063337184057925,90.65022693815183,5.400186647752447,High,No,Yes,87.91541284466759,100.0
2.582443882989583,75.57705108609565,6.563273765725265,High,Yes,No,44.2324776249753,88.44218328926954
1.288797219106492,47.85241964310099,7.830323882676513,High,No,Yes,94.67283751961062,96.6846210147268
1.40084015236524,86.0964048318711,4.887143847348534,Low,No,No,74.56469226688213,83.6986292579119
2.158210274968432,51.18629572865527,4.940123673077081,High,Yes,No,22.62044348044913,64.16942675830808
6.318372121697992,81.62093354688932,6.662103411376085,Low,Yes,No,68.3677178969267,100.0
9.082658859666537,76.0310116260192,6.676550657262958,Low,No,Yes,82.73738679635251,100.0
5.326172664550231,58.47579649547146,8.461512490698262,High,No,No,75.67201536276971,100.0
4.715761885501584,97.33142175729608,6.467732901700593,High,No,Yes,65.92068242704043,100.0
5.201635011119934,92.02188976734692,5.676040236854364,Low,Yes,No,36.11873985400393,100.0
9.504114840765588,41.99218652748199,8.110515803001128,High,Yes,Yes,31.54396323371788,100.0
5.026790232288615,94.0011185108863,5.299066043725171,Medium,No,Yes,92.65059541807679,100.0
6.095643339798968,48.21313780412844,4.095961384115284,High,Yes,Yes,43.82710231603716,100.0
1.280458389577724,98.18926270471269,7.942236716266494,Low,Yes,No,20.78702308549583,66.93991866255044
7.476093801762511,74.03873317773422,4.400900070409517,High,Yes,Yes,72.55441409631979,100.0
2.785903390319586,50.05715297729906,4.553602966631578,High,No,Yes,28.73441978612844,68.63398575864055
3.746126146264712,91.03490374565452,5.640963768046557,Medium,Yes,Yes,44.28646811768235,100.0
5.833687650971596,67.31320894490807,6.296199387984791,Low,No,Yes,77.5624122943029,100.0
7.378969166957685,73.05144223654835,4.46495319911566,Low,No,Yes,56.91742363868062,100.0
8.172222002012159,81.30414378566417,7.183348410836037,Medium,Yes,Yes,53.04301460092305,100.0
1.100519245276768,87.99131535683891,4.505229055053233,Low,No,No,37.36100719347412,67.16861471519161
6.68643219924431,40.34551962988729,4.228243727511918,High,Yes,No,68.97296914309544,100.0
3.008783098167696,89.7845082224321,4.055156322143236,High,No,No,58.87071323357348,97.8421865797796
7.43946292572677,56.48836213288817,6.430002468988015,Low,No,No,53.0404369904746,100.0
8.971102599525771,48.20911785513768,4.360421679993367,High,No,Yes,34.85716375402172,100.0
7.95792669436101,96.99767103701352,6.825109964295081,High,No,Yes,80.21384067466595,100.0
3.601906414112629,70.76131066099052,5.020178173144494,Medium,No,Yes,23.39709827098081,71.18656316011734
1.031238688359326,85.49579175574135,5.30852841867953,Low,No,Yes,29.58309895924928,57.52648947086341
3.180034749718639,93.67313361364549,5.516375737837977,High,Yes,Yes,68.61769230365726,99.31177846644938
8.77339353380981,44.50826690414853,7.186007384041402,Medium,Yes,Yes,35.81646707605911,100.0
1.616287140946138,92.37675015258449,5.766257042510321,Low,No,Yes,88.77065361506868,100.0
7.062422271564962,98.09160567488331,5.126584649756175,High,No,No,93.25957796206896,100.0
4.281841483173143,53.97756848521803,4.60750688150459,Medium,Yes,Yes,50.7871845545416,78.4685876974489
4.484455219783197,53.24617676732562,6.055478013003533,High,Yes,No,41.61886828755264,85.80176615630792
5.956387406078443,83.08738457358967,8.37111262342588,Medium,No,Yes,75.47621733223312,100.0
5.107473025775658,55.47326112599214,7.076097191155054,Low,Yes,Yes,87.44452691935172,100.0
5.052523724478571,41.32741309173984,8.531272902605183,Low,Yes,No,23.18524319423999,84.14655870921518
5.116774421156661,69.3307948154152,8.514474975959935,Low,Yes,Yes,48.03560816502518,100.0
4.845229851910213,48.90059205772533,5.209469141294194,Low,Yes,No,21.0748179400251,70.11686470270294
7.952673118598902,58.43739789557719,4.007825525957364,High,Yes,Yes,66.39577168204542,100.0
8.49223410494178,42.03675871514793,5.909698198264479,Medium,No,Yes,42.84517668306428,100.0
1.636559428657045,72.34967660051527,4.255676907210503,Low,No,Yes,24.43828038976564,50.33620588277698
6.903948286293653,92.09627683079552,8.553850808219575,Medium,No,No,53.08629141729743,100.0
6.651972206962001,82.96904045339161,7.018977264746939,High,No,Yes,94.55612409841817,100.0
2.768776481472037,47.32659484060161,5.40760599207465,High,Yes,Yes,53.40398944834042,79.5118578140841
2.820345725713065,81.27314333804881,7.639696534868825,Low,No,Yes,94.3590175882094,100.0
1.499174273487738,45.7428733312097,5.376905871277092,Low,Yes,No,27.850697790165,50.95799146286697
7.2571950838836,88.88950682479074,8.91760736357611,Medium,No,No,70.70787693607639,100.0
7.024840839871093,46.62844678788368,4.824074078647186,Low,Yes,Yes,35.6441275805788,100.0
5.427244433475962,63.45435975433088,8.28781168830642,Low,Yes,No,47.12353211307834,100.0
9.866395785011754,86.59581116750451,6.806113941412624,Low,No,No,24.93588205179324,100.0
5.836561118508721,50.04895493554419,6.887966829405787,High,Yes,No,72.5323849367378,100.0
9.29697652342573,77.44893447094805,7.903807930342199,Low,No,No,66.44292740401863,100.0
5.769038846263591,53.80053023726218,6.912113291036232,Medium,Yes,No,43.52798840390489,100.0
1.543627152742023,62.78714681075379,4.540128770653457,Low,Yes,Yes,28.42733614617392,52.42758130255685
3.642698610480755,88.34020917700319,8.291708383995605,Low,No,Yes,82.65293977131846,100.0
6.830067734163569,55.58821486384959,6.590393831194078,Medium,Yes,No,49.84131316677673,100.0
4.925176938188639,47.23401314663673,7.740365897147661,Low,No,Yes,38.59050190463177,87.48732943446028
5.321134852653157,80.01185545276627,8.261319371955906,Medium,No,No,66.89974697781747,100.0
1.732943200708458,92.64765175782281,6.965221670933921,Medium,No,No,52.22171479226331,79.933826730644
3.193136375904149,65.57087813415838,4.168068000916413,Low,No,Yes,54.55023723751169,89.11376661630028
9.650269106665126,93.88183293699922,5.972880377988232,Low,No,Yes,74.86715896708505,100.0
9.402302414249576,92.31061166471392,7.180886823541163,Low,Yes,No,33.7589300862672,100.0
5.700611700893649,68.79253721823453,8.209992764450307,Medium,Yes,Yes,44.89987206783239,100.0
7.474709381337565,97.10870712539435,6.991787421488795,Medium,Yes,No,81.86403256153277,100.0
3.75582952639944,65.0548465470957,7.18145676989624,High,No,No,45.86132058096273,97.00714676753682
8.448753109694545,86.79072370906862,5.296483794328869,Medium,No,No,32.44257682780897,100.0
7.350710438038858,46.15058367944076,4.667399862079719,Low,Yes,No,31.30156152506253,94.98234859664684
2.652023676817254,96.65598934680604,7.219521267705654,Medium,No,No,89.5187259748331,100.0
7.885972112245307,94.00138740388067,4.710685618967288,Medium,Yes,Yes,50.93022953508996,100.0
3.630822963986351,80.59080314663478,6.152137051604951,High,Yes,Yes,87.70728409733816,100.0
0.4315991195057611,86.791059333601,5.024406370753563,Low,No,No,42.3556737893617,71.01067020130517
0.4530400977204452,79.50711007950554,4.73726263353142,High,No,No,90.72964230552287,86.55208847136825
1.626169393448913,92.25814742476513,5.583808385337633,Medium,Yes,No,42.72631302365225,78.32137461982806
3.772841631046226,80.40594599949503,5.197550849547691,High,No,Yes,48.88269521172722,85.49336204669568
